date;coin;price;volume;market_cap
2024-06-06;pepe;1.4576221135447047e-05;1009143960.7017409;6125261378.148419
2024-06-07;pepe;1.4392829832279976e-05;782065345.7136024;6055611177.715999
2024-06-08;pepe;1.2822939606467539e-05;1313434402.7046847;5392344313.570623
2024-06-09;pepe;1.2135346246584088e-05;881305279.6389266;5098432860.8904
2024-06-10;pepe;1.2764392556674418e-05;727960904.7123619;5365891706.1314535
2024-06-11;pepe;1.2085042796885793e-05;714852877.085632;5084717881.2673025
2024-06-12;pepe;1.2778079037049468e-05;1288465697.561884;5377079121.052391
2024-06-13;pepe;1.317131261243079e-05;1361365550.1794384;5540871330.403114
2024-06-14;pepe;1.1870857155894082e-05;870321003.7135277;5004586397.811693
2024-06-15;pepe;1.1373613736419744e-05;937642023.4308103;4777868691.195541
2024-06-16;pepe;1.1809275207990526e-05;582194901.8591827;4967492159.845217
2024-06-17;pepe;1.2317090995909393e-05;513606553.0730624;5181188912.860892
2024-06-18;pepe;1.1171637522392975e-05;776597484.1320492;4710069019.344912
2024-06-19;pepe;1.1008930288279974e-05;1059530139.2248709;4616028916.005474
2024-06-20;pepe;1.136009933520655e-05;763626283.2610438;4767448338.064526
2024-06-21;pepe;1.096737641331523e-05;809044356.2776577;4618936163.812037
2024-06-22;pepe;1.1407286599415112e-05;763387782.5243338;4801124305.690573
2024-06-23;pepe;1.141933259873677e-05;361998384.0637753;4804782677.41594
2024-06-24;pepe;1.0884663708514512e-05;454251100.3804787;4577626489.911967
2024-06-25;pepe;1.1275639873086569e-05;865188760.8393078;4741493158.577357
2024-06-26;pepe;1.280945255119844e-05;1087709001.4719381;5376239903.414767
2024-06-27;pepe;1.2480032788299767e-05;752983682.1470343;5249430545.013677
2024-06-28;pepe;1.2531551626723996e-05;595627853.2212703;5278857696.720465
2024-06-29;pepe;1.1535254978398966e-05;557787984.931016;4852465612.197474
2024-06-30;pepe;1.129166699308786e-05;302086645.7368466;4750594061.749239
2024-07-01;pepe;1.1834566110401814e-05;502740774.95631695;4974526755.768998
2024-07-02;pepe;1.1412917238721527e-05;507953898.1017461;4795269868.528182
2024-07-03;pepe;1.128634136536836e-05;497497424.0357124;4753129753.187221
2024-07-04;pepe;1.0237584527245781e-05;727183244.696018;4297818526.988937
2024-07-05;pepe;8.927785928563917e-06;1013080292.1417869;3743504361.8693547
2024-07-06;pepe;8.889122135576347e-06;1529109000.0829237;3736045893.8497267
2024-07-07;pepe;9.740898865327442e-06;686661853.9640013;4091264107.561112
2024-07-08;pepe;8.386343783949773e-06;625608950.5137972;3510828199.64652
2024-07-09;pepe;9.164782716219039e-06;1604975533.293717;3870464585.8291464
2024-07-10;pepe;9.0770134898232e-06;998456342.0350119;3823013825.746411
2024-07-11;pepe;9.202009634062136e-06;884286216.3737103;3871216560.103147
2024-07-12;pepe;8.892443984423003e-06;947880637.5088203;3732583191.0601683
2024-07-13;pepe;8.672504801488397e-06;781252380.0957856;3647733134.474169
2024-07-14;pepe;8.706022018129234e-06;526328903.8371806;3668951568.0924177
2024-07-15;pepe;9.234399465526031e-06;899814445.6469928;3894349917.7180257
2024-07-16;pepe;1.138675534683768e-05;1944790578.6570735;4790523013.233112
2024-07-17;pepe;1.2369176443726459e-05;2823108119.5064373;5210742118.250479
2024-07-18;pepe;1.1684709219842151e-05;1487600237.5083923;4922632695.055816
2024-07-19;pepe;1.1659141391034726e-05;1449509734.5430367;4904682062.998158
2024-07-20;pepe;1.2686997959640374e-05;1504073419.601308;5338297886.704452
2024-07-21;pepe;1.2243537381590815e-05;1042571859.2879101;5149775395.093351
2024-07-22;pepe;1.249190150737867e-05;1195220646.8134873;5251054771.629644
2024-07-23;pepe;1.1895940387574104e-05;888571584.6814338;5005285951.909914
2024-07-24;pepe;1.2627075060310609e-05;1617201807.4995193;5314899060.282456
2024-07-25;pepe;1.2218760973501835e-05;1551365756.262881;5131009337.269574
2024-07-26;pepe;1.1472769855163252e-05;1522734472.3302755;4827275146.139737
2024-07-27;pepe;1.2044015909781473e-05;859040617.500862;5067916044.878731
2024-07-28;pepe;1.1953217000509627e-05;934585797.178007;5028400250.663997
2024-07-29;pepe;1.1740893622905076e-05;548997723.527086;4937174888.560324
2024-07-30;pepe;1.1818116433383874e-05;999330560.331617;4979188889.847494
2024-07-31;pepe;1.1288949974817519e-05;717083704.9311912;4748503887.100244
2024-08-01;pepe;1.1055986520116784e-05;620778247.1069031;4652537651.325207
2024-08-02;pepe;1.0587590814285604e-05;1051894271.2484683;4455539651.536616
2024-08-03;pepe;9.302843830138798e-06;1079652155.1487615;3918217875.071114
2024-08-04;pepe;8.650598409072813e-06;1173715645.671945;3637660177.3013945
2024-08-05;pepe;8.055316957437677e-06;1275345923.668327;3397279977.493259
2024-08-06;pepe;7.074562365449622e-06;3506366483.9099207;2967152925.2098722
2024-08-07;pepe;7.726114572225104e-06;1598193681.475416;3252464408.6462226
2024-08-08;pepe;7.378151842680227e-06;1421789807.350473;3103914698.6971445
2024-08-09;pepe;8.764680489199087e-06;1445019799.9210758;3687016499.661841
2024-08-10;pepe;8.507496541568894e-06;1325641628.0471795;3570015478.9420056
2024-08-11;pepe;8.430513369520323e-06;569181403.6338167;3546677347.4958134
2024-08-12;pepe;7.745620593715817e-06;886132163.8629596;3258505127.5703073
2024-08-13;pepe;8.241537022214019e-06;1169278903.875512;3472502851.031327
2024-08-14;pepe;8.187728464809345e-06;695589631.3913826;3435606299.4400196
2024-08-15;pepe;8.019721018431367e-06;734079416.0816946;3375353768.26904
2024-08-16;pepe;7.4570420324708495e-06;860915535.131299;3142513356.3457417
2024-08-17;pepe;7.16795676928073e-06;905831506.92009;3016128606.2805824
2024-08-18;pepe;7.474930192482385e-06;642176149.5408107;3144628382.6754146
2024-08-19;pepe;7.297368522944681e-06;524695308.4485652;3072694246.529901
2024-08-20;pepe;7.695756995411844e-06;616392191.3715458;3235866624.9120564
2024-08-21;pepe;7.776090680329256e-06;1050379721.7302307;3274029665.305327
2024-08-22;pepe;7.91493957320218e-06;722702423.2522349;3329890017.8194075
2024-08-23;pepe;7.992050254624336e-06;601494595.4167333;3365172661.3024178
2024-08-24;pepe;9.059274548906124e-06;1305709000.4423785;3805225345.220366
2024-08-25;pepe;9.462321621802279e-06;1184047980.3138833;3966919021.6140323
2024-08-26;pepe;9.119824820540128e-06;989294858.5367969;3838723897.921567
2024-08-27;pepe;8.530910891640103e-06;853114857.4256297;3586026269.7203355
2024-08-28;pepe;7.646118827164211e-06;1521562914.466026;3220791500.0544147
2024-08-29;pepe;7.699226837793512e-06;1609367993.750153;3251361187.5305443
2024-08-30;pepe;7.661397630223598e-06;1115040777.518322;3222011572.7613945
2024-08-31;pepe;7.783231690650538e-06;1039300478.021927;3273541712.4022813
2024-09-01;pepe;7.614350451240171e-06;571790834.8654361;3200948722.306264
2024-09-02;pepe;7.165010104773535e-06;708348711.4006292;3012799930.0146604
2024-09-03;pepe;7.601895076151056e-06;926625447.0727129;3201640877.748115
2024-09-04;pepe;7.271461474125992e-06;672629939.4466077;3074835096.95803
2024-09-05;pepe;7.349919849039338e-06;1008717722.106241;3090972550.606723
2024-09-06;pepe;7.097586395431797e-06;627506708.2195258;2983625338.358377
2024-09-07;pepe;6.6423906575842296e-06;1126261787.5800164;2795150790.5453243
2024-09-08;pepe;6.750866057627698e-06;729007104.665005;2839185810.2307367
2024-09-09;pepe;7.065367471156964e-06;831328542.2412168;2980423912.297218
2024-09-10;pepe;7.398965455881004e-06;1040079287.691512;3116898955.4850726
2024-09-11;pepe;7.473565117430383e-06;1008009535.1342875;3142298409.133488
2024-09-12;pepe;7.241245281653145e-06;963732316.5246519;3048031582.147738
2024-09-13;pepe;7.412396321723108e-06;782410198.7870218;3119197753.3783746
2024-09-14;pepe;7.926719981372e-06;1007074289.851677;3332453848.518799
2024-09-15;pepe;7.746235942306449e-06;625616994.5446502;3259184140.5613523
2024-09-16;pepe;7.380485351422339e-06;590975267.0076271;3101342457.590988
2024-09-17;pepe;7.201012976899815e-06;841567310.8551965;3027007766.328973
2024-09-18;pepe;7.3112162010686946e-06;976861811.2679921;3076288794.371261
2024-09-19;pepe;7.510987937810838e-06;1187244752.6087217;3146807894.584912
2024-09-20;pepe;7.956046430748504e-06;1798393152.0641274;3354120155.3950586
2024-09-21;pepe;8.194496623965011e-06;1468026372.4128306;3442222010.534688
2024-09-22;pepe;8.421459560423109e-06;801612884.3130744;3546121585.611816
2024-09-23;pepe;8.014099305569544e-06;885064491.5398724;3371560980.801119
2024-09-24;pepe;8.116019265612451e-06;1019941249.0063115;3413593249.599673
2024-09-25;pepe;8.60869550496846e-06;1536102960.127383;3624181958.1234097
2024-09-26;pepe;8.432137091116152e-06;1411328577.4254446;3539268836.802882
2024-09-27;pepe;9.52287909751174e-06;1983602148.7383978;4009631934.4971747
2024-09-28;pepe;1.0693156678045403e-05;2417786124.113751;4497960529.060094
2024-09-29;pepe;1.1312447023185163e-05;2336318156.6468973;4730914190.832232
2024-09-30;pepe;1.1309594545409278e-05;2345341027.0918837;4757329960.857461
2024-10-01;pepe;1.048366373875091e-05;2025974490.9513774;4409168728.951021
2024-10-02;pepe;9.696832663097047e-06;3313779487.8398337;4079360533.0382967
2024-10-03;pepe;9.239141954705709e-06;2506484129.3857217;3883344046.8593197
2024-10-04;pepe;8.632603110211776e-06;1888416770.1106303;3629958399.6600175
2024-10-05;pepe;9.37923050848553e-06;1931385647.9951556;3942319911.143104
2024-10-06;pepe;9.3393998125039e-06;1477018036.4794555;3924208706.949396
2024-10-07;pepe;1.0226880746201553e-05;1724489686.00341;4302402219.055031
2024-10-08;pepe;9.867451609514003e-06;2658704866.0958962;4175707890.555882
2024-10-09;pepe;9.516150618896126e-06;1899602175.0658727;4005097822.7355404
2024-10-10;pepe;9.10767161391675e-06;1600588163.6895168;3835580106.52003
2024-10-11;pepe;9.241928295238555e-06;1392651014.2769516;3889137480.9963136
2024-10-12;pepe;9.729609211998053e-06;1571565908.4222388;4096824444.3366284
2024-10-13;pepe;9.912939826188262e-06;1335335339.1383855;4166023649.116102
2024-10-14;pepe;9.652250882393356e-06;1141204646.9933264;4060605423.714061
2024-10-15;pepe;1.090128533181958e-05;2414530715.1224637;4593653944.854401
2024-10-16;pepe;1.0335680713665975e-05;2586142951.6155896;4348206001.594698
2024-10-17;pepe;1.0446734414054427e-05;1768664567.0315902;4386954952.988866
2024-10-18;pepe;9.849117933544871e-06;1510058596.389455;4144113799.3983297
2024-10-19;pepe;1.0503767104430174e-05;1776312170.775256;4418868404.610151
2024-10-20;pepe;1.0505383789109922e-05;1161690294.056467;4419014746.906732
2024-10-21;pepe;1.0626381905461814e-05;1140493651.9105458;4473810258.185658
2024-10-22;pepe;1.018481160385548e-05;1395627670.0094016;4283807577.2776604
2024-10-23;pepe;1.005520595644556e-05;968743252.7507453;4224516062.469801
2024-10-24;pepe;9.814031699023583e-06;1113162931.606457;4127608339.1633906
2024-10-25;pepe;9.983578602625013e-06;1084068446.2445617;4198325020.0128255
2024-10-26;pepe;8.712864638667946e-06;1481484324.7316842;3662647780.7411304
2024-10-27;pepe;9.056174589182247e-06;1084075411.6685793;3807938795.951923
2024-10-28;pepe;9.154906764771356e-06;857000867.5148581;3852415551.251096
2024-10-29;pepe;9.171114390885542e-06;1353606653.111589;3857854128.200995
2024-10-30;pepe;9.645552993580686e-06;1501485214.3101952;4039362369.6353745
2024-10-31;pepe;9.675237292441598e-06;1572366357.4956021;4073168312.93296
2024-11-01;pepe;9.114826428046003e-06;1094708649.0376132;3840083021.444523
2024-11-02;pepe;8.885626495255902e-06;1131219573.5678666;3741442749.0960784
2024-11-03;pepe;8.695635936586177e-06;709108009.6670719;3657053716.7774773
2024-11-04;pepe;8.188918704060204e-06;1148277261.356749;3444061613.5359607
2024-11-05;pepe;7.898788680867506e-06;1181506599.2460022;3325100473.3519964
2024-11-06;pepe;8.536894661759362e-06;1430820005.967626;3596691438.4108734
2024-11-07;pepe;9.92454912428674e-06;2904295871.3088284;4181253560.618147
2024-11-08;pepe;1.0887313476448214e-05;2930361819.024337;4575061309.033881
2024-11-09;pepe;1.0813432839860574e-05;2499616891.821417;4549915445.562937
2024-11-10;pepe;1.1178486660754939e-05;2600798443.648866;4712799807.854463
2024-11-11;pepe;1.2264830321634702e-05;6205272171.342931;5126182595.384508
2024-11-12;pepe;1.2991931821525012e-05;5890877829.439133;5468354665.567199
2024-11-13;pepe;1.4355440880298299e-05;7917750202.744593;6038981736.453353
2024-11-14;pepe;2.0856281855975356e-05;19186885908.04048;8789701373.623474
2024-11-15;pepe;2.0629507934191433e-05;17947940246.193436;8672808998.993176
2024-11-16;pepe;2.3429896098594692e-05;11387557136.34431;9872827869.135244
2024-11-17;pepe;2.1237463379793544e-05;5858746167.503163;8921593663.461777
2024-11-18;pepe;2.1197225084555063e-05;6324429129.051736;8920985555.285414
2024-11-19;pepe;2.038080776618755e-05;5914780010.34091;8574546425.8213415
2024-11-20;pepe;1.9685391904662753e-05;4855869060.63407;8289466890.889188
2024-11-21;pepe;1.8813828136944424e-05;4565590436.958843;7940605784.491705
2024-11-22;pepe;2.0797492222702153e-05;6923556487.616974;8751990597.967306
2024-11-23;pepe;2.0536919444193624e-05;4602115480.148706;8638742984.424643
2024-11-24;pepe;2.046664323069607e-05;6155425941.298072;8599837815.028193
2024-11-25;pepe;2.0219347729098947e-05;3759475440.667537;8525546924.744846
2024-11-26;pepe;1.9024270903010652e-05;3924038366.042559;7992196958.936273
2024-11-27;pepe;1.8210691116914078e-05;3541769493.2689385;7662578522.2956
2024-11-28;pepe;1.9813695867866535e-05;3556225868.6981707;8332410904.220977
2024-11-29;pepe;1.984273248157869e-05;2872692494.0980887;8343973017.46267
2024-11-30;pepe;2.0513765906052883e-05;3920286329.404824;8631051616.535486
2024-12-01;pepe;2.027127219228258e-05;2892544474.8431425;8531331027.672547
2024-12-02;pepe;2.2345819121230338e-05;5652198374.362941;9417457379.013083
2024-12-03;pepe;2.043609408432045e-05;5561282752.15499;8576730308.309902
2024-12-04;pepe;2.0417907511969304e-05;3899938787.4440684;8590083748.176264
2024-12-05;pepe;2.1638783758993888e-05;5330563799.006564;9047453641.046816
2024-12-06;pepe;2.138243491609198e-05;5882341387.879597;9022161007.397959
2024-12-07;pepe;2.1679161493282092e-05;3831732563.295143;9114488201.787868
2024-12-08;pepe;2.5125873666229925e-05;7290344649.178574;10641234466.066359
2024-12-09;pepe;2.642811397345637e-05;7211072169.893938;11100016888.077148
2024-12-10;pepe;2.613899843051141e-05;12898102848.09907;10993556593.913324
2024-12-11;pepe;2.3566995297035027e-05;10839218277.5908;9915742746.811436
2024-12-12;pepe;2.5162499995259704e-05;6416179533.943991;10606047431.568634
2024-12-13;pepe;2.3665820022768125e-05;4312202703.027367;9952728130.04769
2024-12-14;pepe;2.4713862617309938e-05;3045588845.2153034;10392355805.125612
2024-12-15;pepe;2.3288429961011904e-05;2103347846.2835865;9796618526.752007
2024-12-16;pepe;2.4214721944458092e-05;2091209494.0526664;10192436444.871473
2024-12-17;pepe;2.355132172156122e-05;3417838809.87256;9921323479.992308
2024-12-18;pepe;2.2350219423195587e-05;2323021800.8076816;9407512743.324863
2024-12-19;pepe;1.9433899313554014e-05;3200883401.9600897;8159964586.745919
2024-12-20;pepe;1.720665407872913e-05;4679522345.310593;7252442886.533801
2024-12-21;pepe;1.7678590358028538e-05;5175001318.187036;7436952416.547621
2024-12-22;pepe;1.7392859939590716e-05;3730301148.6399264;7308700999.819836
2024-12-23;pepe;1.7802460058475917e-05;2562535730.9777083;7493420670.649582
2024-12-24;pepe;1.8450588373303923e-05;2435632224.5942235;7765961532.06577
2024-12-25;pepe;1.930231182869555e-05;2097792070.207463;8109771220.411851
2024-12-26;pepe;1.852344664269997e-05;1875868220.1070755;7792424179.617825
2024-12-27;pepe;1.736512721920458e-05;1696135323.132032;7311373161.820718
2024-12-28;pepe;1.783550075640512e-05;1672470424.1940782;7498130683.458366
2024-12-29;pepe;1.8729594313798705e-05;1257494184.7870417;7883595762.062009
2024-12-30;pepe;1.7877963636739203e-05;1173749747.708954;7520123897.965798
2024-12-31;pepe;1.8311366300901057e-05;1801682678.9929235;7698661154.207606
2025-01-01;pepe;1.997698908703727e-05;3644889704.8586545;8364151410.169346
2025-01-02;pepe;1.938016315694583e-05;2022115715.930436;8150434382.651619
2025-01-03;pepe;2.0467303239204464e-05;2627334146.5641065;8611988849.327724
2025-01-04;pepe;2.152509122613592e-05;1958558131.2356813;9064091182.218143
2025-01-05;pepe;2.1164860861183834e-05;1549345426.699552;8903211644.445118
2025-01-06;pepe;2.0719474730728245e-05;1065773935.3368908;8726700386.242096
2025-01-07;pepe;2.0751656693245584e-05;1491099845.2370727;8727610157.550953
2025-01-08;pepe;1.86501292212317e-05;1857605001.5987973;7843682624.728656
2025-01-09;pepe;1.7829439719592242e-05;1779391659.294288;7498804340.838641
2025-01-10;pepe;1.7021548857752137e-05;1628941962.6680841;7158381680.642754
2025-01-11;pepe;1.765769586337732e-05;1550839075.2017908;7435790854.483804
2025-01-12;pepe;1.8027984184878995e-05;768316645.0594463;7588239601.396137
2025-01-13;pepe;1.773030043971073e-05;634561296.897404;7459200061.060395
2025-01-14;pepe;1.6855919416367076e-05;1620210853.129784;7085828738.812426
2025-01-15;pepe;1.7467078103145693e-05;785026131.2432162;7346042392.503273
2025-01-16;pepe;1.9159418949253918e-05;1170682551.2405758;8060973995.534865
2025-01-17;pepe;1.8140238822151436e-05;994543951.0142659;7627558254.202049
2025-01-18;pepe;2.03437945746625e-05;1535718104.9907544;8561966672.869656
2025-01-19;pepe;1.8395960711158683e-05;1597782276.2111864;7739069768.682146
2025-01-20;pepe;1.609411980358594e-05;3521732060.52951;6769718716.452036
2025-01-21;pepe;1.57257770427359e-05;3059472646.93162;6612747217.850096
2025-01-22;pepe;1.5925371360452962e-05;1727426812.205823;6683472811.2860985
2025-01-23;pepe;1.5135153532029533e-05;930084723.6462743;6375802199.929218
2025-01-24;pepe;1.532574142455456e-05;1316131504.0285723;6447981314.256675
2025-01-25;pepe;1.4908692620729401e-05;1119959322.5843728;6259155264.240773
2025-01-26;pepe;1.5065270640437159e-05;600584773.0419599;6337808705.725505
2025-01-27;pepe;1.4043575930746778e-05;574593681.2770098;5916821664.465846
2025-01-28;pepe;1.306711832990788e-05;1777832301.1488461;5492316462.464697
2025-01-29;pepe;1.1452991433707353e-05;864347623.6098024;4810266777.45533
2025-01-30;pepe;1.2449345435291576e-05;1437326365.4506035;5246384366.0109215
2025-01-31;pepe;1.2949807531281372e-05;843915449.2703061;5456812759.104612
2025-02-01;pepe;1.3854851295711588e-05;1418909166.7360938;5829458208.410078
2025-02-02;pepe;1.2258940990010952e-05;956930563.4763131;5159708235.639668
2025-02-03;pepe;1.0760396881412251e-05;1677122278.5068204;4532765318.937638
2025-02-04;pepe;1.1007759265605876e-05;3500962186.72942;4636681561.896289
2025-02-05;pepe;1.0197537975988343e-05;1389652757.788282;4281714955.637192
2025-02-06;pepe;1.0015449818880977e-05;725349855.0556481;4206878406.092599
2025-02-07;pepe;9.225827740726787e-06;860815531.4784586;3881152628.0829163
2025-02-08;pepe;8.924641450704017e-06;976337103.7408864;3750726473.1363254
2025-02-09;pepe;9.596297153325139e-06;704486284.9869621;4037844765.5937743
2025-02-10;pepe;9.565223419761853e-06;638484962.9411021;4024938779.4291396
2025-02-11;pepe;9.575350531750714e-06;771781835.9502053;4029050288.107393
2025-02-12;pepe;9.576885918592412e-06;988853091.3670301;4034390603.55571
2025-02-13;pepe;1.0067323396116898e-05;1075294349.3025277;4229013416.820239
2025-02-14;pepe;9.68881630277186e-06;643299297.8128731;4075085405.098408
2025-02-15;pepe;1.0258800795226853e-05;771785490.6586877;4312766247.9399605
2025-02-16;pepe;9.930147063410208e-06;431457270.7963194;4176329505.9591036
2025-02-17;pepe;9.675775722131053e-06;368071655.80169535;4071175014.9508853
2025-02-18;pepe;1.0125557843572041e-05;994258579.4787781;4258012855.100838
2025-02-19;pepe;9.24340061600097e-06;832427887.3418509;3886770894.8119674
2025-02-20;pepe;9.35041819583723e-06;512205344.1385718;3935855063.433731
2025-02-21;pepe;9.646776818017512e-06;506729477.9515643;4058832988.127818
2025-02-22;pepe;9.109422651158587e-06;822159868.887064;3835940174.2809067
2025-02-23;pepe;9.637858478068004e-06;537254425.0736322;4055200121.5519466
2025-02-24;pepe;9.368960514063803e-06;480995776.5306195;3939740638.1894298
2025-02-25;pepe;7.869360985077898e-06;895407272.0987414;3305870295.4667335
2025-02-26;pepe;8.241409099300332e-06;1239572687.1770244;3472086219.4413934
2025-02-27;pepe;8.290925717677615e-06;781998255.2232655;3487771644.6490374
2025-02-28;pepe;8.215808716001352e-06;686751373.9752262;3454173187.5414586
2025-03-01;pepe;7.912161254834238e-06;980423415.8088586;3332721092.9501133
2025-03-02;pepe;7.587406866726591e-06;532165292.37388486;3192389367.2834854
2025-03-03;pepe;8.809667019135499e-06;1155749818.7899022;3707321071.909185
2025-03-04;pepe;7.220139107719918e-06;977719200.0662413;3043808670.927941
2025-03-05;pepe;6.993281049870955e-06;1110443998.819347;2937637464.2630215
2025-03-06;pepe;7.080489729513542e-06;558436440.678309;2979732997.09655
2025-03-07;pepe;6.84477636683213e-06;495784132.2704786;2878074581.53278
2025-03-08;pepe;6.977135210639283e-06;792766777.2467577;2931148182.931245
2025-03-09;pepe;6.665449809895258e-06;388669248.382397;2801882531.3286853
2025-03-10;pepe;5.857004408429998e-06;534480241.38531417;2457860956.9339
2025-03-11;pepe;5.7578438493628235e-06;990049562.6171095;2429366766.55007
2025-03-12;pepe;6.33497578699499e-06;1095646421.900933;2669029715.1966014
2025-03-13;pepe;6.939394327617562e-06;954996765.3564522;2917057056.160598
2025-03-14;pepe;6.6986609398856236e-06;1203818104.936893;2815666102.454932
2025-03-15;pepe;7.0634120216730535e-06;797369954.8914012;2981505867.0462704
2025-03-16;pepe;7.1405027055909e-06;462250681.37418723;3002411299.55932
2025-03-17;pepe;6.5862413403129306e-06;606752587.2702737;2769749431.4290214
2025-03-18;pepe;7.378126864392784e-06;825341141.4961053;3102102456.6087604
2025-03-19;pepe;7.2298944392085224e-06;818745346.6835971;3040424752.5671306
2025-03-20;pepe;7.4894094314064325e-06;932948952.247054;3152447210.9671
2025-03-21;pepe;7.628717285175099e-06;877044538.4667889;3205268361.5740385
2025-03-22;pepe;7.190189076943103e-06;620671114.4048779;3023685886.6075373
2025-03-23;pepe;7.0506273216984034e-06;349375630.1966184;2967888761.156142
2025-03-24;pepe;7.3139284881100164e-06;367269036.45660335;3067232063.671454
2025-03-25;pepe;7.949523579226839e-06;784611289.4436622;3331689917.1966114
2025-03-26;pepe;8.03171015638393e-06;561697473.405854;3371330012.8120556
2025-03-27;pepe;8.52431084847279e-06;1140301039.7108598;3583971974.199188
2025-03-28;pepe;8.451065972893937e-06;625174967.8466915;3549724781.8197885
2025-03-29;pepe;7.782141463988082e-06;531930444.35035676;3275050118.979801
2025-03-30;pepe;7.239926642779728e-06;521245887.13925046;3036710617.5240498
2025-03-31;pepe;6.9349813736562275e-06;474668584.97847605;2911902090.2744017
2025-04-01;pepe;7.2106186643013735e-06;727987809.8313342;3029164155.0015697
2025-04-02;pepe;7.722392071539077e-06;789162031.2041677;3249583940.442542
2025-04-03;pepe;7.077014133276089e-06;1228926053.6422377;2977880688.274009
2025-04-04;pepe;6.702687449588117e-06;898216299.8832742;2818121712.1269455
2025-04-05;pepe;7.221138409497176e-06;1047357883.1942971;3036714667.2975683
2025-04-06;pepe;7.074002217804275e-06;431445983.75208014;2972827753.8563457
2025-04-07;pepe;6.317590000514003e-06;661185040.2015046;2657601394.5920954
2025-04-08;pepe;6.4360737788117215e-06;1801136897.6227703;2717334699.0446863
2025-04-09;pepe;6.0103152912968134e-06;699873793.6432104;2526276171.331881
2025-04-10;pepe;6.954526154776062e-06;1276065275.7469192;2927556322.163526
2025-04-11;pepe;6.7313217679136175e-06;654913242.5276502;2832767242.3059335
2025-04-12;pepe;6.925559975222137e-06;547018422.8237053;2912630003.390694
2025-04-13;pepe;7.4433543729371545e-06;582017595.7281538;3134880212.4467635
2025-04-14;pepe;7.262973258938283e-06;659984829.6040972;3045327775.7170095
2025-04-15;pepe;7.325866533673405e-06;740939859.1935647;3081321267.920659
2025-04-16;pepe;6.97833616769734e-06;568021701.7875733;2935923017.2171836
2025-04-17;pepe;7.146456606291687e-06;584565776.7155719;3007360438.438362
2025-04-18;pepe;7.236807944339438e-06;461092021.5612053;3045732952.4324455
2025-04-19;pepe;7.302945184709918e-06;404860614.91151315;3072203130.726387
2025-04-20;pepe;7.515338327178189e-06;360040333.40790373;3163239858.747748
2025-04-21;pepe;7.519203705286957e-06;396390479.2366946;3162038574.722396
2025-04-22;pepe;7.731800589504558e-06;685851407.0437957;3252667081.7917776
2025-04-23;pepe;8.800353966218334e-06;1026735990.9343965;3698411431.151628
2025-04-24;pepe;8.809429336552883e-06;1283114417.7085807;3706826311.866895
2025-04-25;pepe;8.770468280132884e-06;755363239.9530969;3691670558.656031
2025-04-26;pepe;9.060804381593475e-06;914544128.6751816;3815524062.2497
2025-04-27;pepe;9.169990893484556e-06;803905854.9159708;3855867423.9176326
2025-04-28;pepe;8.779255488412477e-06;450231082.2499971;3695222333.439772
2025-04-29;pepe;8.94668713957903e-06;760984884.4488688;3763514949.5137205
2025-04-30;pepe;8.851222456885116e-06;471552443.8440675;3716040032.5260572
2025-05-01;pepe;8.892586977167061e-06;552954469.8325101;3740851304.092998
2025-05-02;pepe;8.707403093064864e-06;596009054.3120142;3662019896.9713078
2025-05-03;pepe;8.682962406242847e-06;532515112.4237565;3652416349.0360336
2025-05-04;pepe;8.209151106508903e-06;411179100.9001668;3459691160.119322
2025-05-05;pepe;8.088386357958162e-06;371276682.8899718;3400379391.5435615
2025-05-06;pepe;7.941833090187724e-06;526332437.24131435;3342223863.183674
2025-05-07;pepe;8.002059288100963e-06;537593916.4212347;3368049835.7231307
2025-05-08;pepe;8.250327865252297e-06;573337888.4086201;3470642949.7313156
2025-05-09;pepe;1.1098581111114421e-05;2448240352.2498074;4661223395.833274
2025-05-10;pepe;1.2283690492637594e-05;3922638141.3157706;5168259075.297684
2025-05-11;pepe;1.3805902447463177e-05;2723688650.8812113;5805957717.071385
2025-05-12;pepe;1.3598741995179948e-05;2186271452.6102767;5722545131.209568
2025-05-13;pepe;1.3648721304668821e-05;3277988954.252829;5745486020.5723
2025-05-14;pepe;1.4541240524736133e-05;2504092287.5787406;6118198381.215814
2025-05-15;pepe;1.3905136351394903e-05;1527006698.3810077;5841621576.57796
2025-05-16;pepe;1.2964881709555024e-05;1728583683.0073795;5455779557.166042
2025-05-17;pepe;1.2665209634319521e-05;1157165012.1072726;5328673067.20546
2025-05-18;pepe;1.217309401942754e-05;980526244.1863644;5122510716.930911
2025-05-19;pepe;1.347258175523004e-05;2140867407.9644213;5642887609.173315
2025-05-20;pepe;1.3224852453582658e-05;1780550642.7982166;5550021652.82029
2025-05-21;pepe;1.3127195863599028e-05;1422654178.690045;5521635425.170789
2025-05-22;pepe;1.373140047775082e-05;2895305606.2920375;5773206139.228825
2025-05-23;pepe;1.5118142924827318e-05;2307017751.097091;6352250970.469268
2025-05-24;pepe;1.390451343730753e-05;3215801978.9538503;5858983557.947521
2025-05-25;pepe;1.3797630889131535e-05;1363316569.7792659;5802871403.816613
2025-05-26;pepe;1.3536887858193237e-05;1525418601.1851306;5694606412.282889
2025-05-27;pepe;1.3797622351375604e-05;1694811806.3552704;5798330348.859522
2025-05-28;pepe;1.3897272185190728e-05;1416122814.2667801;5846443435.458787
2025-05-29;pepe;1.4005331598461977e-05;1224897281.503003;5892944395.895989
2025-05-30;pepe;1.3493664850920706e-05;1961730462.9253297;5684513629.514688
2025-05-31;pepe;1.1671598560566674e-05;1871102857.2102845;4915268040.189716
2025-06-01;pepe;1.1662989709303098e-05;1375681398.186072;4906282729.415141
2025-06-02;pepe;1.1833053549286714e-05;775081143.4553711;4979450717.465933
2025-06-03;pepe;1.2373457139071827e-05;912501121.603303;5205456838.082761
2025-06-04;pepe;1.2273021023162805e-05;1212753609.3099322;5163688224.090295
2025-06-05;pepe;1.1873901438262475e-05;763770639.4431504;4996357940.449173
2025-06-05;pepe;1.1873901438262475e-05;763770639.4431504;4950164672.455362
2025-06-05;pepe;1.1873901438262475e-05;873431961.958794;4996357940.449173
2025-06-05;pepe;1.1873901438262475e-05;873431961.958794;4950164672.455362
2025-06-05;pepe;1.1767911510548002e-05;763770639.4431504;4996357940.449173
2025-06-05;pepe;1.1767911510548002e-05;763770639.4431504;4950164672.455362
2025-06-05;pepe;1.1767911510548002e-05;873431961.958794;4996357940.449173
2025-06-05;pepe;1.1767911510548002e-05;873431961.958794;4950164672.455362
2024-06-06;doge;0.16350797889395807;733579744.7071618;23591672593.612938
2024-06-07;doge;0.16016794653977254;787716169.4557996;23169441308.322495
2024-06-08;doge;0.14830693813272558;1381300164.6140766;21433230430.77536
2024-06-09;doge;0.14610915121903448;781683797.0190542;21102562374.00018
2024-06-10;doge;0.14677765618801594;606247857.6045299;21237598759.36246
2024-06-11;doge;0.14483418536234116;702056069.3465934;20942107077.716537
2024-06-12;doge;0.13805063438936901;1300845977.156508;19979679634.47628
2024-06-13;doge;0.14608548892633103;1292581334.3557217;21118265430.492416
2024-06-14;doge;0.140989786350885;800915999.5780656;20447275232.556957
2024-06-15;doge;0.1349511625092175;873884427.9170055;19536468886.327965
2024-06-16;doge;0.1365589366931579;501291288.2135374;19769867009.082462
2024-06-17;doge;0.13683276112182022;393701399.78906095;19807054448.228584
2024-06-18;doge;0.12888115081775378;962751054.850534;18645427195.391617
2024-06-19;doge;0.12214570593988511;1444125728.6074371;17638069300.862633
2024-06-20;doge;0.12220949202802549;652055993.3523949;17676576972.007183
2024-06-21;doge;0.12439712536759981;748898928.1328917;18026720497.982475
2024-06-22;doge;0.12402602409280061;639224895.6608943;17957641252.945423
2024-06-23;doge;0.12376435391741886;347152934.39902455;17925253478.802036
2024-06-24;doge;0.12206856333993864;442120969.27207637;17674367218.374626
2024-06-25;doge;0.11914654156323184;985468535.3078718;17247466156.300518
2024-06-26;doge;0.12612157730276571;811718660.529724;18243824303.76076
2024-06-27;doge;0.12261797115112189;548062898.1619759;17760072844.000412
2024-06-28;doge;0.1269066155702451;630945650.0242836;18383724239.13942
2024-06-29;doge;0.12282279112443302;644207174.6911759;17796690555.488686
2024-06-30;doge;0.1216339420046335;296118066.94219476;17626378208.02659
2024-07-01;doge;0.1244262842940218;379822254.6624731;18016125163.591396
2024-07-02;doge;0.12335625147464792;460412942.7042293;17870285403.950806
2024-07-03;doge;0.12498180833459735;418357315.1436524;18093543437.22296
2024-07-04;doge;0.118501474565196;657450943.1231261;17165364710.927338
2024-07-05;doge;0.1048447546961304;1144361378.777649;15213122619.381462
2024-07-06;doge;0.10583552279436781;1731535975.6821628;15345059544.365843
2024-07-07;doge;0.11335917053536093;858389592.8825883;16408820652.899708
2024-07-08;doge;0.10400686449673403;649702979.4455148;15063827325.32973
2024-07-09;doge;0.10749624643702649;1040715424.5443174;15587432921.39674
2024-07-10;doge;0.10750704557894233;586788336.8887604;15605363908.606533
2024-07-11;doge;0.10794399872973458;563764968.3101348;15653882472.896133
2024-07-12;doge;0.10666739163868012;554089205.6735662;15455996429.42694
2024-07-13;doge;0.10760507831547218;481155140.608932;15602333694.594538
2024-07-14;doge;0.11217534394878238;511037035.05479777;16286335056.925955
2024-07-15;doge;0.11566281991196131;563795257.8487327;16795164085.570942
2024-07-16;doge;0.12522964670094947;864205890.8280599;18154704180.573395
2024-07-17;doge;0.1250423087320959;1001637168.7976447;18155790339.2307
2024-07-18;doge;0.12181890532131723;737161134.9570054;17718114213.467716
2024-07-19;doge;0.11946621190916797;728745558.7418016;17350790526.491207
2024-07-20;doge;0.125457971610212;786013598.7996689;18216571577.553005
2024-07-21;doge;0.13453267433377875;1208802266.138944;19532230328.843086
2024-07-22;doge;0.1401207896213011;1336401337.6364136;20345296002.14511
2024-07-23;doge;0.13804992844335925;1577710181.2340684;20039579760.960323
2024-07-24;doge;0.1305554120570819;992568649.8349823;18947849442.774
2024-07-25;doge;0.1280188036652491;825645018.7862632;18592905681.350544
2024-07-26;doge;0.12517148600013095;1042779687.061306;18182583656.896854
2024-07-27;doge;0.13434722508257227;872110973.3220793;19514228665.21827
2024-07-28;doge;0.13207402507538485;1380975270.2767427;19196394167.942482
2024-07-29;doge;0.13000158589011787;856046743.7168617;18884811367.6374
2024-07-30;doge;0.1283659205252948;868804790.6857344;18689191201.4847
2024-07-31;doge;0.12547422186721732;706235989.6234155;18236805797.533676
2024-08-01;doge;0.1220773250912159;633251304.6157517;17743396420.306427
2024-08-02;doge;0.11931984474414968;980601544.906658;17327999680.54861
2024-08-03;doge;0.11121028836513125;867228797.7665923;16138782914.907244
2024-08-04;doge;0.10827565033718077;914188974.7046704;15735849330.777325
2024-08-05;doge;0.10363597112379895;894909528.29708;15062196873.39208
2024-08-06;doge;0.09444422412335783;3554936021.438818;13752269733.979536
2024-08-07;doge;0.09630160931689845;1255131118.3471808;13994585099.825089
2024-08-08;doge;0.095641838846861;1047040603.2666059;13936513456.281797
2024-08-09;doge;0.10744393044595758;913352532.2814789;15570629384.475784
2024-08-10;doge;0.1039650404295201;615035196.1528313;15071065216.265854
2024-08-11;doge;0.10517355627921562;391165146.1057483;15292688339.615997
2024-08-12;doge;0.10057023648634127;727257294.1310066;14628313028.002617
2024-08-13;doge;0.10764679567740344;844162997.1355557;15683936511.275764
2024-08-14;doge;0.1064688784071125;624845265.9471717;15490052394.927086
2024-08-15;doge;0.10252905287727541;594695369.6288352;14917983430.189568
2024-08-16;doge;0.100275273296365;646523390.8705558;14586468895.61521
2024-08-17;doge;0.10033243172981855;587697638.0651625;14597266803.756542
2024-08-18;doge;0.10269963902448154;334488342.09981424;14951778483.039318
2024-08-19;doge;0.10009194285798964;402771975.82091117;14571479333.831728
2024-08-20;doge;0.10159599159959506;501293737.7926098;14739719716.88896
2024-08-21;doge;0.10306458735082628;764304812.3705446;15003208996.269045
2024-08-22;doge;0.10608350285501175;553101594.1045825;15440111510.64143
2024-08-23;doge;0.10535054546438573;442093664.0158166;15343397390.701769
2024-08-24;doge;0.11285213909644765;1007674462.4760911;16475767150.7208
2024-08-25;doge;0.11266281449840017;782083842.1962345;16391141273.139664
2024-08-26;doge;0.10962319547735469;645373125.2340186;15978378379.001915
2024-08-27;doge;0.1052227599299117;604946342.458422;15329123605.556952
2024-08-28;doge;0.09893151850984021;632679461.1735952;14413120860.483454
2024-08-29;doge;0.09953220763875235;692363430.0400519;14510058958.58579
2024-08-30;doge;0.10039060730215241;476454209.61974996;14625375253.601542
2024-08-31;doge;0.10221720866797211;642358602.2146719;14878559890.890339
2024-09-01;doge;0.10131141884764457;351544414.4319313;14766759789.534246
2024-09-02;doge;0.09543779334383969;438687181.6604267;13923088580.045486
2024-09-03;doge;0.09910148715611079;503843467.51474077;14447496907.219114
2024-09-04;doge;0.0966982582091012;429042908.6659166;14114883003.686115
2024-09-05;doge;0.09800164927278532;604205804.0162128;14290796453.226725
2024-09-06;doge;0.09836995868243602;497704734.581883;14348233959.188757
2024-09-07;doge;0.0924960532840428;862381535.3047619;13466500038.965027
2024-09-08;doge;0.0952131582559908;461330599.0727451;13886824075.098804
2024-09-09;doge;0.09599395793235416;421886601.7821665;14001965233.148415
2024-09-10;doge;0.10385510242432026;802105396.3811219;15166857756.594145
2024-09-11;doge;0.1026989799210465;531704987.5644549;14981206322.416271
2024-09-12;doge;0.10138058686677526;588369371.0038296;14791824299.927502
2024-09-13;doge;0.102753648419695;485785356.40988135;15008873337.07303
2024-09-14;doge;0.1070111538374752;779036290.3878657;15605057186.288902
2024-09-15;doge;0.10547289695826198;459831449.06438357;15392503255.796618
2024-09-16;doge;0.10298425066433739;451757527.75686216;15026207563.160406
2024-09-17;doge;0.09969733835449002;572532231.5059034;14569234359.29782
2024-09-18;doge;0.10116258433474547;497557516.67411953;14765475792.003166
2024-09-19;doge;0.10350898134372043;601892209.9487275;15093679439.612532
2024-09-20;doge;0.10508030512871451;715304616.8549877;15339835713.02121
2024-09-21;doge;0.10538226685054741;657876273.5784175;15386106673.016905
2024-09-22;doge;0.11015863162443498;559439682.2683911;16119101951.764608
2024-09-23;doge;0.10631578048870015;535697266.3173823;15511905605.702595
2024-09-24;doge;0.10821753654450904;682781465.8162605;15802862649.093723
2024-09-25;doge;0.10978051565296383;790392652.6294596;16033328087.548908
2024-09-26;doge;0.10851423298211875;782002414.9971523;15828058104.304785
2024-09-27;doge;0.11814514127922089;1535242940.151961;17259884831.538918
2024-09-28;doge;0.1238227688843178;1555101302.394238;18086523907.564518
2024-09-29;doge;0.1288364038238975;1706567906.7285783;18825075499.748528
2024-09-30;doge;0.12475967032593717;980842375.1104261;18237685842.994255
2024-10-01;doge;0.11409373123635111;1119199764.7365375;16668359315.555267
2024-10-02;doge;0.10714490765597601;1476122207.633925;15663199002.570282
2024-10-03;doge;0.10465641885443355;949525283.9507754;15293474639.765978
2024-10-04;doge;0.10503240487770349;972749810.1302891;15341812912.876862
2024-10-05;doge;0.10928889300399085;764018435.1600564;15967882266.593582
2024-10-06;doge;0.10955507475498369;451209519.61005574;16014067342.601536
2024-10-07;doge;0.11143232086557313;510711345.8873673;16300599147.425789
2024-10-08;doge;0.10888942663944362;987438812.0499407;15928664980.80216
2024-10-09;doge;0.10711482791639114;698426563.3874706;15680331561.502308
2024-10-10;doge;0.10794073191121138;725437336.6353363;15802883226.690445
2024-10-11;doge;0.10595271088673729;676009910.8249433;15492666165.802343
2024-10-12;doge;0.11075973120839307;608660396.4089402;16205592120.10208
2024-10-13;doge;0.1113879149202278;471712432.5463746;16295803424.838173
2024-10-14;doge;0.1113381787454164;501221749.1240856;16284359144.011297
2024-10-15;doge;0.11654636005586289;1038482566.7730004;17054185512.622272
2024-10-16;doge;0.11714973577171232;1448755420.1277294;17136054607.44054
2024-10-17;doge;0.12568987094844378;2441500479.075099;18366468454.350346
2024-10-18;doge;0.1290318879198742;1610404036.3026013;18872749092.612045
2024-10-19;doge;0.1373828663699262;2352278280.0010424;20117473887.347134
2024-10-20;doge;0.14481683811600587;1943678426.853672;21205835020.113136
2024-10-21;doge;0.1417955596779323;1450399760.2238953;20743960127.806
2024-10-22;doge;0.14367938444457554;2135857422.7542772;21042404416.179592
2024-10-23;doge;0.13950663609651373;1786553786.9237838;20427910912.025658
2024-10-24;doge;0.13989987665552944;1492331848.7752898;20469081859.33588
2024-10-25;doge;0.1421233225388425;1490511268.4353406;20800093125.406723
2024-10-26;doge;0.13052166779612556;1555982996.705227;19058280731.50005
2024-10-27;doge;0.1374382944976871;1007254067.9991432;20129644552.18132
2024-10-28;doge;0.14426417044511727;1185789527.4866672;21151514398.147987
2024-10-29;doge;0.1610750096019228;3547034012.2714276;23603211883.92649
2024-10-30;doge;0.17621839911910786;4328291559.706245;25822005647.19393
2024-10-31;doge;0.16841352960298442;2609541210.2799463;24707320750.155575
2024-11-01;doge;0.16161157386392275;2433162762.1835318;23703025112.153557
2024-11-02;doge;0.1592929577355371;2384334083.6126504;23336035423.926025
2024-11-03;doge;0.15931442661099204;1497134113.918328;23352486974.02465
2024-11-04;doge;0.1519727008143906;2539631782.021095;22296473359.067554
2024-11-05;doge;0.1581515101721086;2934227322.746805;23136432202.320007
2024-11-06;doge;0.17016389715992922;4722717269.39245;24951189158.885117
2024-11-07;doge;0.19605447298033848;13964396580.982435;28735301613.88231
2024-11-08;doge;0.19318735961279923;5023759022.790759;28332556747.31005
2024-11-09;doge;0.20201615296993558;4762859227.42924;29637362068.002758
2024-11-10;doge;0.21781216980037166;5124130776.036058;31981027590.244354
2024-11-11;doge;0.27784396474944806;17922592739.470116;40497543446.61056
2024-11-12;doge;0.34813435852166763;23002869379.97055;51066599516.303665
2024-11-13;doge;0.3863520490278735;45647590496.22071;56649929137.31771
2024-11-14;doge;0.39947694403435763;33764060390.327175;58769507338.095215
2024-11-15;doge;0.362206396833341;17394397997.80318;52855654310.550644
2024-11-16;doge;0.3783105880220168;14263596086.931938;55541231337.39227
2024-11-17;doge;0.36405554021536696;9205954824.33035;53253558387.73447
2024-11-18;doge;0.36707674107673377;9784068444.010353;53890781808.26239
2024-11-19;doge;0.3723193454668548;8956521463.269907;54665315542.00563
2024-11-20;doge;0.39155732311595115;15683020455.352236;57498282424.86561
2024-11-21;doge;0.3788259944714756;9823247879.4612;55653383515.17941
2024-11-22;doge;0.3875057581200171;9437714466.947334;56919881492.936646
2024-11-23;doge;0.41071496052804074;15763705369.107473;60319726909.20217
2024-11-24;doge;0.42958842822505655;24615656526.251476;63045394020.14091
2024-11-25;doge;0.42986139070108076;14194998723.10986;63176287457.58791
2024-11-26;doge;0.39278774199281596;10991675836.364794;57583371937.660904
2024-11-27;doge;0.38570606921820494;10352541749.38322;56535824119.87761
2024-11-28;doge;0.40210599150633014;7575329620.039413;59099452113.78289
2024-11-29;doge;0.4021738343338388;6881415591.797313;59119897219.069695
2024-11-30;doge;0.42589893402880247;7204905118.668185;62510376387.89632
2024-12-01;doge;0.4219026659956098;6694741285.598611;62045544716.78655
2024-12-02;doge;0.44108781303646266;8422395747.703863;64771023380.96672
2024-12-03;doge;0.42405045756614346;14905269533.2319;62337140722.912895
2024-12-04;doge;0.40914646603543636;8839146109.799376;60140826094.70261
2024-12-05;doge;0.4294319629835894;9655017662.13735;63106207194.10425
2024-12-06;doge;0.42913177925717433;18019186820.61109;63027229179.29723
2024-12-07;doge;0.43569429743752;7529153953.033535;64021771536.23062
2024-12-08;doge;0.4542043314711241;8438594527.802239;66813977851.84679
2024-12-09;doge;0.4665030913917874;10403917176.241884;68588817015.837105
2024-12-10;doge;0.4140315464336743;14335180806.342701;60872744858.539894
2024-12-11;doge;0.39338370849527693;13688198758.325867;57829765508.83525
2024-12-12;doge;0.4139085468659278;7787776853.752998;60886421741.99155
2024-12-13;doge;0.40607964903629845;6855176846.684583;59656770432.96594
2024-12-14;doge;0.40756319983501244;4421977875.552173;59931887272.17139
2024-12-15;doge;0.39778451252010744;3714436683.163177;58562956775.225395
2024-12-16;doge;0.40720394659174575;3168913334.077235;60052338854.39929
2024-12-17;doge;0.4023002255033781;4670645497.325498;59245588478.23221
2024-12-18;doge;0.39367099850358883;3654751097.510298;57984199496.775955
2024-12-19;doge;0.3582384960182544;6424342443.584895;52715240064.040115
2024-12-20;doge;0.3162217505606263;10299588179.47391;46669847342.85825
2024-12-21;doge;0.31740230797949737;11908085963.040106;46702363167.98426
2024-12-22;doge;0.32043526129975136;6978901591.406554;47111814565.02001
2024-12-23;doge;0.3119109632636429;4326157081.905719;46032119811.56861
2024-12-24;doge;0.3234015365143098;4612068974.597669;47643896689.916985
2024-12-25;doge;0.33732200612833885;3228261462.9296412;49592447998.15382
2024-12-26;doge;0.334477549311157;2604485058.90388;49291654806.78467
2024-12-27;doge;0.31192211576968526;2625101365.575846;45948623941.807014
2024-12-28;doge;0.3111610704472971;2293373604.8945475;45826831934.35086
2024-12-29;doge;0.32383521561724815;1538666440.0007308;47721013739.71598
2024-12-30;doge;0.31498371175717305;1870842483.4356143;46402338136.0668
2024-12-31;doge;0.3134342756044935;2707904119.2033954;46131966592.51409
2025-01-01;doge;0.3161573771733231;2514890508.073105;46574952049.62729
2025-01-02;doge;0.3240901261984082;1620382475.4153996;47730291433.99268
2025-01-03;doge;0.33902102501900305;3606534898.0570397;49968934585.85704
2025-01-04;doge;0.37924190970178634;5419307373.054088;55949132979.78311
2025-01-05;doge;0.39471360199829914;4943690690.039445;58179171592.107506
2025-01-06;doge;0.382652831776486;2911300930.2606125;56436326713.22052
2025-01-07;doge;0.3877984263023277;3301153541.1172915;57165460311.38431
2025-01-08;doge;0.3490042138051966;5262187979.134054;51494199204.642395
2025-01-09;doge;0.3424596033019549;4459666163.753783;50630773319.10575
2025-01-10;doge;0.32123156039028333;3686394495.8291883;47456774808.816055
2025-01-11;doge;0.3341873593343171;3269124532.5110497;49340543580.25352
2025-01-12;doge;0.3414731256235199;1480544587.7329526;50436513949.11746
2025-01-13;doge;0.3358234445663888;1480721033.6651137;49524696077.13902
2025-01-14;doge;0.33821090679385296;3781697203.425277;49922840840.83987
2025-01-15;doge;0.356394690318903;3174234902.468615;52610149481.84014
2025-01-16;doge;0.38697448017199143;4356121532.863304;57131408143.3226
2025-01-17;doge;0.3776524144889539;4283602033.717316;55743616778.120766
2025-01-18;doge;0.4149142593534293;6526718816.983121;61244297671.26678
2025-01-19;doge;0.39642227480400194;6516773074.938818;58536938748.50718
2025-01-20;doge;0.3578609618648825;8685239181.345173;53114100438.14036
2025-01-21;doge;0.35358407263326513;8045403576.875606;52298785127.16677
2025-01-22;doge;0.37151241373320587;9146197049.337523;54779528127.728516
2025-01-23;doge;0.3632014802889421;2857875569.671739;53654160594.06796
2025-01-24;doge;0.35227019866787745;3050289092.7539253;52062251611.452805
2025-01-25;doge;0.35057447566433303;2039182933.8261669;51740284666.89068
2025-01-26;doge;0.3543296524535725;1469045352.756256;52360301301.213425
2025-01-27;doge;0.33592378142649937;1173608165.9973679;49680007303.28259
2025-01-28;doge;0.33346281138571465;4457663415.539809;49219227830.56187
2025-01-29;doge;0.31904612732195853;1956202115.5722096;47097370342.269455
2025-01-30;doge;0.32444430413016984;1934033691.4906538;48012616608.513885
2025-01-31;doge;0.331229318699267;1308041183.689841;48955740100.618385
2025-02-01;doge;0.3286011882787202;1721046773.5653727;48569151202.70262
2025-02-02;doge;0.3082767330501114;1498500264.8733947;45592933619.63728
2025-02-03;doge;0.26495513491451017;5297256819.371471;39074055212.59578
2025-02-04;doge;0.28474455087156375;10665819818.499647;42112437795.60443
2025-02-05;doge;0.2646612964531275;4185863884.406833;39121648133.2827
2025-02-06;doge;0.2563093131836389;1748873845.3140545;37875608481.94618
2025-02-07;doge;0.24769940269332982;1849400952.683781;36634998711.53493
2025-02-08;doge;0.2466117141109805;1955547140.0705724;36425572489.014
2025-02-09;doge;0.2531578984892705;947251264.8896627;37467768586.07184
2025-02-10;doge;0.24934929346601817;1210322937.821886;36877324693.481384
2025-02-11;doge;0.2548535882592439;1302577373.9580026;37702629308.77336
2025-02-12;doge;0.2531467447359887;1681519859.8011022;37524755444.79603
2025-02-13;doge;0.26404355183974915;1931125154.46359;39019744666.11137
2025-02-14;doge;0.2623153388562416;1479090094.109654;38837304059.83588
2025-02-15;doge;0.27198537773510917;2264906099.4838147;40240694263.196144
2025-02-16;doge;0.2716411696946587;1562393659.5496552;40217862491.33837
2025-02-17;doge;0.2654573454413017;931181654.4444188;39283644109.89832
2025-02-18;doge;0.25808675861016434;1334819066.6629684;38181261511.72696
2025-02-19;doge;0.25084961511077464;1568385561.1678038;37105544732.75667
2025-02-20;doge;0.254536611908942;1002221875.0777956;37664544800.29522
2025-02-21;doge;0.25489783180588915;1128230681.7987843;37726962768.86737
2025-02-22;doge;0.23944458984135766;2027962912.4843552;35481966450.88804
2025-02-23;doge;0.24678169113005893;926901594.978119;36553261422.55376
2025-02-24;doge;0.2431098393793032;695340046.2485528;35993016889.55571
2025-02-25;doge;0.2101870624303527;2386904163.7483587;31057933809.529675
2025-02-26;doge;0.21132376439777223;3294992146.5006976;31297049624.810658
2025-02-27;doge;0.2025677647833549;2010954339.9928348;30005439354.273045
2025-02-28;doge;0.20687435148382985;1358019956.56816;30625263535.15811
2025-03-01;doge;0.202090703165187;2576697271.018344;29923842132.369896
2025-03-02;doge;0.2063643318249469;1157646034.496794;30553755358.248043
2025-03-03;doge;0.23984826270128182;3097274702.4251013;35490734904.304985
2025-03-04;doge;0.1992080202369079;2740809895.9767084;29478814181.84413
2025-03-05;doge;0.19921021819753496;2339671816.89161;29486719912.765648
2025-03-06;doge;0.2047254361049545;1407399493.6843045;30372562019.722427
2025-03-07;doge;0.20179543870507013;1745673856.792128;29909473228.63224
2025-03-08;doge;0.19818899754056155;1799280522.9607399;29344409114.79347
2025-03-09;doge;0.1920085565173097;920959171.3325987;28463472615.689545
2025-03-10;doge;0.16781880397573898;1740953627.9304154;24907553213.57859
2025-03-11;doge;0.1547380234116144;2314515671.2670493;22967908412.457058
2025-03-12;doge;0.16453862742792452;2372987953.769865;24423796970.680458
2025-03-13;doge;0.17243693431666607;1624350642.4645834;25550714731.497646
2025-03-14;doge;0.1649488685474606;1450396811.6367147;24473177707.891407
2025-03-15;doge;0.1718195561000062;1034276360.1389003;25500418386.69835
2025-03-16;doge;0.1761459784539959;720298076.7908576;26145240613.72014
2025-03-17;doge;0.16830195397278094;927114505.6414578;24983784095.335926
2025-03-18;doge;0.1736204186748998;1018336232.4544977;25780933531.33528
2025-03-19;doge;0.16827610995428421;1069389407.6757383;24944528516.753197
2025-03-20;doge;0.17800348456939283;1320951169.9347699;26442796451.105247
2025-03-21;doge;0.1695621495268066;1038017898.997562;25198496224.975834
2025-03-22;doge;0.1670057513578968;762513837.5823433;24802337475.666485
2025-03-23;doge;0.16721240679915322;436636928.7216825;24809123674.004166
2025-03-24;doge;0.17217769230516256;571990345.4855789;25567291759.662663
2025-03-25;doge;0.18261625231959078;1592931137.3506715;27091109233.552685
2025-03-26;doge;0.19098207188312502;1696540510.903378;28357774760.5922
2025-03-27;doge;0.19493224841665846;2258885477.8762884;28936205832.28477
2025-03-28;doge;0.19074107097709586;1368405082.3626633;28336140460.271873
2025-03-29;doge;0.18027688468027825;1384586893.3114476;26786788253.431107
2025-03-30;doge;0.16955629560567131;1145772000.0759876;25196649883.057045
2025-03-31;doge;0.16642492555953572;830307371.9494493;24723665521.268337
2025-04-01;doge;0.16658416279748312;1345691695.4520378;24715772966.690254
2025-04-02;doge;0.17426890464126327;1226397943.461258;25907094165.489334
2025-04-03;doge;0.16424145213076016;1764099720.7163243;24434984199.50534
2025-04-04;doge;0.16201946825238184;1222246072.0530603;24103024324.683754
2025-04-05;doge;0.17105607575055004;1761401248.3904846;25431701590.520325
2025-04-06;doge;0.16936834660585817;641157289.4817889;25118525002.33291
2025-04-07;doge;0.1489432542832566;1301616555.750496;22189098484.344727
2025-04-08;doge;0.14918497020443497;3584892367.483011;22253535629.205784
2025-04-09;doge;0.14198151472944057;1942313541.7331955;21106734800.421078
2025-04-10;doge;0.16055894504582743;2380965896.56504;23903967352.649323
2025-04-11;doge;0.15390298849579126;1258486079.0766785;22901498580.377064
2025-04-12;doge;0.15998899838417066;884950609.7365417;23803360358.75832
2025-04-13;doge;0.1676649778139498;878035311.5158367;24955320227.91173
2025-04-14;doge;0.16266937714088095;883332811.3620282;24195571585.229347
2025-04-15;doge;0.15859949254254385;981131649.7028836;23606479057.263405
2025-04-16;doge;0.15346609912402615;766817730.5676734;22838512654.26413
2025-04-17;doge;0.15471755583387967;811820241.5800865;23025656395.115612
2025-04-18;doge;0.15587153787530794;576830755.033105;23201318598.79681
2025-04-19;doge;0.15761670017483884;463491541.12553006;23466473789.583706
2025-04-20;doge;0.1573112204332398;465683707.3180399;23421890793.07413
2025-04-21;doge;0.15502979487902038;627635503.5448277;23087095434.012623
2025-04-22;doge;0.15908436227169534;1073037989.6116908;23684115045.127453
2025-04-23;doge;0.17846828302254636;1711081936.272815;26545168244.012844
2025-04-24;doge;0.178401008327384;1995530473.1645606;26579717496.02347
2025-04-25;doge;0.1827667552587444;1582350788.3865557;27250786093.915184
2025-04-26;doge;0.18203103968675263;1843701071.9974282;27124340341.544304
2025-04-27;doge;0.1818819719415684;1565227653.8490603;27079862224.42596
2025-04-28;doge;0.17961827119108673;1169887084.9933372;26768202204.16714
2025-04-29;doge;0.17906901640129896;1425140393.9800472;26679443869.89703
2025-04-30;doge;0.17439945720299668;1024411673.6699723;25982850293.054985
2025-05-01;doge;0.1724103485197474;984673872.4637718;25701826438.560123
2025-05-02;doge;0.18070374109047424;1082529407.4818537;26930341143.843082
2025-05-03;doge;0.181388087156242;1034181805.0957793;27035739554.81099
2025-05-04;doge;0.17576785161701966;588937633.3899407;26198617063.23001
2025-05-05;doge;0.17071232656977398;630425272.9600186;25438315886.06924
2025-05-06;doge;0.17065490621117071;692750494.2443322;25451467156.19953
2025-05-07;doge;0.17232477779627986;858252275.6780319;25705289755.411777
2025-05-08;doge;0.17211562672825226;712638970.1262684;25674779020.41389
2025-05-09;doge;0.19718642657948848;2184563689.3913965;29420458961.447674
2025-05-10;doge;0.20518315482145336;2680468298.856808;30600308505.99836
2025-05-11;doge;0.24808618010965436;3646454138.724175;37006177667.7717
2025-05-12;doge;0.23156210463126953;3947378387.2038565;34547740638.35008
2025-05-13;doge;0.23141813764156494;5064612800.031126;34561842710.43985
2025-05-14;doge;0.24063615504965347;3014744188.0036793;35890356994.59683
2025-05-15;doge;0.2326880678038404;2454948301.1486807;34731729857.53937
2025-05-16;doge;0.2188193912978982;2678224342.760629;32661581229.673786
2025-05-17;doge;0.2225780495761936;1958996831.8259764;33231331928.635384
2025-05-18;doge;0.21488311590610068;1513815302.0764408;32078446831.646065
2025-05-19;doge;0.23064675587556407;2570476559.8316875;34393197336.04474
2025-05-20;doge;0.22450514333500976;2376793956.561148;33514267920.599346
2025-05-21;doge;0.2262524320952927;1922612443.9864995;33775168048.661053
2025-05-22;doge;0.2341442300716922;3004714773.9630966;34975336540.52911
2025-05-23;doge;0.24486878935117973;2941230875.1653132;36543465183.708496
2025-05-24;doge;0.2256050681389216;3637150461.689047;33699141296.707493
2025-05-25;doge;0.22526605771065214;1259477163.8986466;33650993086.402634
2025-05-26;doge;0.22410051858731672;1545639564.3810167;33473634384.500397
2025-05-27;doge;0.2257235127127771;1143793583.726899;33720067287.935783
2025-05-28;doge;0.22613701089072946;1456507542.766112;33785799788.59822
2025-05-29;doge;0.22106443772687143;1226851069.773066;33036485544.250744
2025-05-30;doge;0.21583653318215457;1584406711.2735288;32255789593.041676
2025-05-31;doge;0.19293898362115516;2378183690.790229;28833941358.602425
2025-06-01;doge;0.19295707336811818;1504531665.3964663;28832851074.892597
2025-06-02;doge;0.19396166511401375;911443941.2315271;29006673700.313576
2025-06-03;doge;0.19561462907109173;978658402.706214;29256077816.3805
2025-06-04;doge;0.1932015824493309;1022043262.7615937;28890544653.101982
2025-06-05;doge;0.18839829903335972;747043585.3475871;28179133110.479073
2025-06-05;doge;0.18839829903335972;747043585.3475871;28167597445.775562
2025-06-05;doge;0.18839829903335972;741174294.7380664;28179133110.479073
2025-06-05;doge;0.18839829903335972;741174294.7380664;28167597445.775562
2025-06-05;doge;0.18845736229233967;747043585.3475871;28179133110.479073
2025-06-05;doge;0.18845736229233967;747043585.3475871;28167597445.775562
2025-06-05;doge;0.18845736229233967;741174294.7380664;28179133110.479073
2025-06-05;doge;0.18845736229233967;741174294.7380664;28167597445.775562
2024-06-06;shiba;2.5933909750440834e-05;789552721.7883759;15264828532.097862
2024-06-07;shiba;2.5257261209892924e-05;402374784.9268272;14891636453.58231
2024-06-08;shiba;2.3700776800415973e-05;809338470.4160888;13970779835.195795
2024-06-09;shiba;2.324279916653465e-05;377924529.206697;13684568450.56526
2024-06-10;shiba;2.349961517272841e-05;436451538.0574411;13845610214.904226
2024-06-11;shiba;2.291837989467196e-05;470274007.49056786;13496032947.092478
2024-06-12;shiba;2.1609377190429165e-05;810311103.6113323;12740640757.698877
2024-06-13;shiba;2.2209753882210117e-05;806619240.474822;13074895407.742775
2024-06-14;shiba;2.117024337596657e-05;387283409.84369266;12495879752.217463
2024-06-15;shiba;2.028198933362308e-05;428007351.12918663;11951358513.067577
2024-06-16;shiba;2.0757353180541116e-05;225221915.04844138;12230393484.507627
2024-06-17;shiba;2.09116935441559e-05;170504824.51023814;12321175737.772924
2024-06-18;shiba;1.9291360177329448e-05;399547376.05986404;11357385522.519936
2024-06-19;shiba;1.8133924480358637e-05;653315895.8673532;10649954105.235954
2024-06-20;shiba;1.8072203621873837e-05;289852729.97319126;10645323102.776619
2024-06-21;shiba;1.8047418304655327e-05;288307124.69765145;10649102131.44047
2024-06-22;shiba;1.7839778702593458e-05;254753879.65265355;10513226480.260384
2024-06-23;shiba;1.79801231836038e-05;139398112.1730312;10594181815.170774
2024-06-24;shiba;1.749413770579212e-05;150707228.0704284;10303296690.024815
2024-06-25;shiba;1.709600492406837e-05;350287810.2645743;10073051589.871456
2024-06-26;shiba;1.773628964204862e-05;316846231.4776886;10447999250.212406
2024-06-27;shiba;1.710874741889282e-05;208446763.94698924;10084110812.434746
2024-06-28;shiba;1.7527841253196502e-05;218447825.92663658;10325553344.45829
2024-06-29;shiba;1.6952077036943007e-05;274029152.9638176;9989429825.56665
2024-06-30;shiba;1.6869947857056923e-05;109159051.78922153;9936280037.29632
2024-07-01;shiba;1.7228656833518004e-05;162931884.53695944;10131654248.99649
2024-07-02;shiba;1.7074562474458407e-05;195288430.7819104;10060135045.687323
2024-07-03;shiba;1.7229560602776247e-05;157879825.6399011;10144876453.211922
2024-07-04;shiba;1.6387844720395575e-05;239549362.44345537;9651842591.121561
2024-07-05;shiba;1.4638347800570692e-05;345290314.99854684;8643059835.432858
2024-07-06;shiba;1.4960393106119131e-05;538979808.4196261;8820404709.438845
2024-07-07;shiba;1.7370323799705688e-05;420943719.91292065;10221181047.33263
2024-07-08;shiba;1.5468174935110697e-05;379933592.6148415;9136361760.146433
2024-07-09;shiba;1.617798204488057e-05;546590461.0481021;9529355088.430552
2024-07-10;shiba;1.635837553324421e-05;300415573.5737203;9652394480.345913
2024-07-11;shiba;1.6395331236409078e-05;234801784.92603818;9665798931.88176
2024-07-12;shiba;1.622772548747524e-05;215435762.0514373;9556925725.845022
2024-07-13;shiba;1.64721686517563e-05;204085627.82333556;9702689931.592516
2024-07-14;shiba;1.7089194279003572e-05;237480415.73412943;10081022445.290552
2024-07-15;shiba;1.765494651736997e-05;224490284.01011607;10399735670.377583
2024-07-16;shiba;1.9328278834827527e-05;415172343.94323134;11321498246.897778
2024-07-17;shiba;1.9319022799302535e-05;702717981.3408995;11392506347.898077
2024-07-18;shiba;1.8614148249487073e-05;384246293.9904514;10986896857.108633
2024-07-19;shiba;1.7392526944452457e-05;1191337643.5813744;10249397690.485498
2024-07-20;shiba;1.7830273114244233e-05;709503763.7510577;10511656624.925175
2024-07-21;shiba;1.813317712014862e-05;427196942.154323;10686334490.657852
2024-07-22;shiba;1.822569330889521e-05;493793624.0708461;10738331668.841557
2024-07-23;shiba;1.7584544034819113e-05;383062527.2217008;10362863788.920322
2024-07-24;shiba;1.7071088578067315e-05;306297527.92841077;10059330317.295986
2024-07-25;shiba;1.67977174936222e-05;281886292.61036533;9897482307.573013
2024-07-26;shiba;1.6404268457122645e-05;369569098.61341006;9673080316.034426
2024-07-27;shiba;1.6977073781807236e-05;227386343.39750302;10010292269.27302
2024-07-28;shiba;1.7075536077930746e-05;339029720.6128522;10065538153.267881
2024-07-29;shiba;1.679675428161297e-05;134841168.38588235;9897664345.513361
2024-07-30;shiba;1.6652327836536346e-05;240548415.28442705;9835040725.712358
2024-07-31;shiba;1.6409382908820914e-05;162185181.762388;9669419942.99021
2024-08-01;shiba;1.593072290181441e-05;229017323.98654467;9372149655.250217
2024-08-02;shiba;1.5802737259780056e-05;239073966.75230092;9313023391.267807
2024-08-03;shiba;1.4648539226798923e-05;264572478.4210657;8631658591.149866
2024-08-04;shiba;1.4259965801562203e-05;251126453.3246725;8396026408.430024
2024-08-05;shiba;1.3304286890977026e-05;260112295.57440618;7852440622.142014
2024-08-06;shiba;1.3289185774046096e-05;1103663025.9672642;7841548782.0598545
2024-08-07;shiba;1.3442780030253279e-05;449376442.54658765;7921314342.963209
2024-08-08;shiba;1.2861815177394277e-05;302070107.972658;7589603057.0040455
2024-08-09;shiba;1.431027381323214e-05;341752969.1523906;8415982573.745618
2024-08-10;shiba;1.401710981871266e-05;229978592.53743038;8253398277.13143
2024-08-11;shiba;1.409521538724701e-05;139073282.13065395;8307452043.037721
2024-08-12;shiba;1.3403226552988326e-05;227151974.562555;7888860900.661934
2024-08-13;shiba;1.3924317636523543e-05;264778486.99252948;8201004551.564852
2024-08-14;shiba;1.3888775734078745e-05;181180009.56698853;8178716683.992585
2024-08-15;shiba;1.3620528710986916e-05;177071265.42405584;8028247201.07809
2024-08-16;shiba;1.3275790842003945e-05;200447576.94235688;7824116676.459881
2024-08-17;shiba;1.3206964336046675e-05;171547306.89514875;7788984730.979579
2024-08-18;shiba;1.3368357918446537e-05;96879203.41346845;7878431525.046251
2024-08-19;shiba;1.3254874797750535e-05;112192363.69960864;7818583914.740289
2024-08-20;shiba;1.3360724731209045e-05;196543820.16689336;7861972929.725345
2024-08-21;shiba;1.3654747121327087e-05;227898923.9909675;8048560752.853158
2024-08-22;shiba;1.4090636736438707e-05;201477639.25560263;8305924408.703016
2024-08-23;shiba;1.4045791592740343e-05;192694384.10045472;8277006047.638793
2024-08-24;shiba;1.529007704696785e-05;342216421.243748;9009852457.292046
2024-08-25;shiba;1.5623882039200263e-05;351370945.1613655;9189649967.693441
2024-08-26;shiba;1.5136499398848129e-05;329168826.1278617;8919353986.820227
2024-08-27;shiba;1.4642501927589088e-05;285171686.9304712;8629997282.149527
2024-08-28;shiba;1.376674632054339e-05;421412188.0364538;8109431478.758975
2024-08-29;shiba;1.3863187017487321e-05;373083334.01874495;8200343100.802788
2024-08-30;shiba;1.4076213450818485e-05;311791699.90755486;8294167670.060229
2024-08-31;shiba;1.4019717381525478e-05;339504377.57176936;8262496824.163529
2024-09-01;shiba;1.3828684774055331e-05;148282903.9657232;8148646305.403636
2024-09-02;shiba;1.3160645835895249e-05;231882587.8206427;7756316236.616977
2024-09-03;shiba;1.3653094111161665e-05;234352776.76498383;8050197890.385544
2024-09-04;shiba;1.3101330147811704e-05;217664860.2449002;7727000361.051938
2024-09-05;shiba;1.35649064725869e-05;341373723.186465;7969751887.933819
2024-09-06;shiba;1.3185807951781754e-05;214220282.72074962;7772965418.098204
2024-09-07;shiba;1.2802676792059153e-05;328473412.34518766;7537214168.818344
2024-09-08;shiba;1.2852082167263365e-05;157941054.43961594;7572732437.92788
2024-09-09;shiba;1.3059237910790054e-05;173920029.40791285;7698373340.679745
2024-09-10;shiba;1.3535528233768552e-05;277632220.3610493;7986330952.299473
2024-09-11;shiba;1.3550015326035938e-05;208166610.93233776;7984475561.5362835
2024-09-12;shiba;1.3273881098870151e-05;246346727.21485564;7824972824.522052
2024-09-13;shiba;1.3524929715888761e-05;198182069.6583809;7972413973.244231
2024-09-14;shiba;1.3989433503267259e-05;243165434.09572166;8242944048.109233
2024-09-15;shiba;1.3737351180323727e-05;172140049.8445922;8095130919.910626
2024-09-16;shiba;1.3397527836387409e-05;161861645.5042986;7887067175.808304
2024-09-17;shiba;1.3180083985468964e-05;223065034.48238665;7787625394.083373
2024-09-18;shiba;1.3309007400899293e-05;184753496.4745929;7842333788.679973
2024-09-19;shiba;1.365416138386544e-05;263101023.98551947;8026999491.245701
2024-09-20;shiba;1.4127511687534404e-05;448018473.4061386;8316274702.787438
2024-09-21;shiba;1.4353491954336976e-05;315884487.52311593;8443841511.145907
2024-09-22;shiba;1.5001616300513328e-05;313231343.3797961;8838373366.333199
2024-09-23;shiba;1.4547832315012221e-05;304907726.3674296;8572967542.43193
2024-09-24;shiba;1.4497092239569903e-05;300770922.03554714;8539441226.482857
2024-09-25;shiba;1.484443265240357e-05;330273131.7574962;8750147684.48806
2024-09-26;shiba;1.5232258866648938e-05;598372884.0928627;8962923703.026588
2024-09-27;shiba;1.866105831674217e-05;1835183244.1522243;11012329121.02764
2024-09-28;shiba;2.0376177442555914e-05;2219653927.2465587;12006066939.285427
2024-09-29;shiba;1.9708579864844396e-05;1282700733.2486913;11586656506.729063
2024-09-30;shiba;1.9360159838006625e-05;879200945.274443;11412696276.014263
2024-10-01;shiba;1.756362428181764e-05;874969594.8510231;10367161507.895714
2024-10-02;shiba;1.6423610019837146e-05;1075159147.4232976;9691530563.961351
2024-10-03;shiba;1.625234666103557e-05;755701712.0078353;9574814847.364298
2024-10-04;shiba;1.603879392822249e-05;553477623.2641588;9458195888.407516
2024-10-05;shiba;1.740323052106291e-05;764203739.5968786;10254971303.390587
2024-10-06;shiba;1.744673134525274e-05;515506234.5529788;10276417676.315125
2024-10-07;shiba;1.8119779801290774e-05;642642765.5217229;10685147275.648895
2024-10-08;shiba;1.751584614986218e-05;796658272.3293071;10348862542.94587
2024-10-09;shiba;1.7252225555485466e-05;464900720.03050596;10170905477.323635
2024-10-10;shiba;1.6927216944028262e-05;487512908.9035451;9984816122.586905
2024-10-11;shiba;1.6731984900008798e-05;404012276.93488085;9855467464.174711
2024-10-12;shiba;1.76267956341994e-05;599534034.2686335;10371395597.297676
2024-10-13;shiba;1.7849994271659255e-05;402805924.33232945;10518720106.13082
2024-10-14;shiba;1.7580968389623642e-05;366700095.0987587;10346778778.225924
2024-10-15;shiba;1.8706333544379907e-05;640002579.1920774;11021297495.717812
2024-10-16;shiba;1.8177745455238556e-05;726370722.7526914;10701545735.300714
2024-10-17;shiba;1.856522634115258e-05;834938764.3918886;10926082463.507076
2024-10-18;shiba;1.8172144816924293e-05;532040998.1654968;10707927209.84059
2024-10-19;shiba;1.8797623052059682e-05;788543213.9960054;11085594944.880098
2024-10-20;shiba;1.9051250670433064e-05;684585227.8618712;11221286803.03464
2024-10-21;shiba;1.896500809984593e-05;410239718.65339446;11168642615.438179
2024-10-22;shiba;1.8365628648517334e-05;627429523.5186496;10822189019.320236
2024-10-23;shiba;1.8128734220483324e-05;398439562.5565156;10677263041.410591
2024-10-24;shiba;1.767427823222995e-05;412856889.3989823;10412324956.842222
2024-10-25;shiba;1.8050032364171034e-05;381855806.88965064;10610959199.240322
2024-10-26;shiba;1.650910800005972e-05;491625641.9906015;9723029263.072361
2024-10-27;shiba;1.7002225032127885e-05;357614367.5297046;10018690713.43938
2024-10-28;shiba;1.7218632870356215e-05;257757485.92214486;10150214669.777767
2024-10-29;shiba;1.8215711402917834e-05;681820117.8021797;10733755700.141329
2024-10-30;shiba;1.909856605459018e-05;1154121214.6578183;11232661087.702864
2024-10-31;shiba;1.8449857864422273e-05;663166241.5963138;10873132193.019882
2024-11-01;shiba;1.793105769050979e-05;703095557.2178392;10547843515.943228
2024-11-02;shiba;1.7595781864894426e-05;550138164.9912887;10357431473.940554
2024-11-03;shiba;1.742647866449783e-05;256615251.7968413;10286845454.436533
2024-11-04;shiba;1.69293233001471e-05;428374366.7100048;9985883424.792719
2024-11-05;shiba;1.681494793260383e-05;418463895.93283826;9904753201.241037
2024-11-06;shiba;1.783060105024382e-05;772179091.5371228;10514545760.04857
2024-11-07;shiba;1.9068693732702002e-05;1723708778.287516;11234828544.177917
2024-11-08;shiba;1.9131450252983867e-05;912216821.01139;11277671743.075052
2024-11-09;shiba;1.903545273676973e-05;915307393.0736306;11215620843.064186
2024-11-10;shiba;2.034172591202577e-05;1111129292.6162565;11996744558.954842
2024-11-11;shiba;2.6112762913500027e-05;8695672266.072111;15333079634.27528
2024-11-12;shiba;2.780124120163813e-05;6879853236.072589;16318095731.973072
2024-11-13;shiba;2.6859141258263585e-05;7987692356.639993;15845466083.383709
2024-11-14;shiba;2.586440780386822e-05;6243392749.195294;15253116523.380701
2024-11-15;shiba;2.3250247830639297e-05;3472779687.102228;13675349974.075195
2024-11-16;shiba;2.5406667406111175e-05;2232618407.9127192;14950913232.875835
2024-11-17;shiba;2.4625923834196316e-05;1924772677.1877322;14495589995.427534
2024-11-18;shiba;2.480656841606612e-05;1895524698.5406692;14610520841.74276
2024-11-19;shiba;2.4858137891809118e-05;2027373722.3632705;14634936731.46902
2024-11-20;shiba;2.481706505394599e-05;2106038698.0830853;14624731342.46432
2024-11-21;shiba;2.395035014852415e-05;1433921050.7712135;14108335124.889599
2024-11-22;shiba;2.479718198026255e-05;1481199118.2358973;14611999447.559832
2024-11-23;shiba;2.539073499608861e-05;1950375733.4942667;14961208815.134111
2024-11-24;shiba;2.592927490258391e-05;4181035291.068199;15286288940.079473
2024-11-25;shiba;2.5729573981322355e-05;2728871977.539677;15161433440.64276
2024-11-26;shiba;2.4776679621964193e-05;1652943219.5927367;14600929345.844187
2024-11-27;shiba;2.4341679599630158e-05;1004359305.4403182;14348343032.837368
2024-11-28;shiba;2.5715313130337106e-05;1030772300.8774147;15151180604.413876
2024-11-29;shiba;2.55144864573133e-05;1021408716.5900823;15027461901.457972
2024-11-30;shiba;2.6070296691565355e-05;1159040893.558587;15355235179.714285
2024-12-01;shiba;2.6774551869267625e-05;1645785287.38262;15760764689.44131
2024-12-02;shiba;3.081623891245414e-05;8356213393.316411;18157966944.724003
2024-12-03;shiba;2.9763537418447512e-05;4396617604.40874;17539920334.771053
2024-12-04;shiba;2.8689895625885802e-05;3336127252.2850204;16894548779.083267
2024-12-05;shiba;3.2842320597983906e-05;4443196440.591513;19285709676.437054
2024-12-06;shiba;3.0622896536274784e-05;5005452378.460151;18038062043.068844
2024-12-07;shiba;3.0848835521496716e-05;1837398800.5944355;18173100264.89394
2024-12-08;shiba;3.206291000937854e-05;2419815881.328114;18908977540.31608
2024-12-09;shiba;3.2253125342434515e-05;2077937741.435265;19039123090.536972
2024-12-10;shiba;2.7408966143168943e-05;3341903590.929778;16141931894.471827
2024-12-11;shiba;2.7155903334865192e-05;3040610164.802587;15997356520.682108
2024-12-12;shiba;2.8790349859485374e-05;2011455100.6576715;16964875559.237953
2024-12-13;shiba;2.8131687514448915e-05;1527805312.178744;16567282857.837856
2024-12-14;shiba;2.8453217183330948e-05;975132370.8351926;16766333800.13849
2024-12-15;shiba;2.745259754577616e-05;912153652.3000273;16175558402.969425
2024-12-16;shiba;2.7943864222898106e-05;656454804.0203631;16471779439.172646
2024-12-17;shiba;2.724954947915019e-05;979598294.0760771;16069169548.84091
2024-12-18;shiba;2.6283935018074104e-05;704096734.6568404;15495539470.119576
2024-12-19;shiba;2.4048944845057466e-05;1296058976.650975;14134043525.879683
2024-12-20;shiba;2.1705275594216898e-05;1622057880.3212247;12792838490.679623
2024-12-21;shiba;2.2515397826907448e-05;1717475210.9646518;13251484759.722189
2024-12-22;shiba;2.171082402945258e-05;1028941184.8847066;12765708172.697773
2024-12-23;shiba;2.1470500849834685e-05;627421373.1024023;12669545054.522852
2024-12-24;shiba;2.2469064508327866e-05;714527518.6753346;13239929902.333052
2024-12-25;shiba;2.3541701130944153e-05;624858014.0838653;13842731050.514143
2024-12-26;shiba;2.2887408329380538e-05;576227276.8518229;13479140500.005342
2024-12-27;shiba;2.151598972336132e-05;511015851.4780561;12678447766.132965
2024-12-28;shiba;2.1622826686277773e-05;468042375.38966274;12741741337.508116
2024-12-29;shiba;2.213338621258935e-05;313910950.0163809;13044099501.882565
2024-12-30;shiba;2.138685558037187e-05;387252123.647975;12625269622.79003
2024-12-31;shiba;2.109678674523057e-05;502101683.8692236;12423225209.450556
2025-01-01;shiba;2.1167962860845775e-05;477095343.78173476;12469739480.389797
2025-01-02;shiba;2.1608336015558518e-05;342270336.4078926;12732516542.332697
2025-01-03;shiba;2.2889054414177347e-05;560781149.5272583;13494363230.851183
2025-01-04;shiba;2.4379405300308433e-05;712662396.4326174;14362064759.174414
2025-01-05;shiba;2.4327078842405968e-05;580677710.0451607;14335620052.087835
2025-01-06;shiba;2.3944194146974867e-05;418242726.09733075;14109392608.467659
2025-01-07;shiba;2.403150681020591e-05;571869682.9445761;14152281376.912848
2025-01-08;shiba;2.1828037165130384e-05;754403241.8587847;12870153212.044563
2025-01-09;shiba;2.1302552737084754e-05;614326489.7907437;12580196277.93383
2025-01-10;shiba;2.108403372283354e-05;514685665.00466585;12421123517.845457
2025-01-11;shiba;2.1581616967285887e-05;458715983.25313526;12716085069.441576
2025-01-12;shiba;2.2212586420212886e-05;394270859.76061785;13103843723.282465
2025-01-13;shiba;2.153169093043295e-05;280780521.3965362;12685739166.85402
2025-01-14;shiba;2.1203341058920377e-05;611955897.0940037;12489688633.853312
2025-01-15;shiba;2.164308152690397e-05;323902612.09272766;12747814650.925287
2025-01-16;shiba;2.283435722181773e-05;573936803.0383416;13458722075.849083
2025-01-17;shiba;2.1998408479531475e-05;463253527.2411236;12971801269.762863
2025-01-18;shiba;2.4222138688772824e-05;1058760598.0681534;14271876844.364851
2025-01-19;shiba;2.271964905736459e-05;697109115.9969524;13377655898.605362
2025-01-20;shiba;2.0292941420535845e-05;1325504426.1392498;11992025196.999454
2025-01-21;shiba;2.027424612363711e-05;1185821275.4094336;11962668749.160465
2025-01-22;shiba;2.090194963438395e-05;634521921.7565223;12316581922.172668
2025-01-23;shiba;2.0181738875930192e-05;290532527.0169023;11901699771.11641
2025-01-24;shiba;2.0147707571149698e-05;404555451.5065852;11874883861.111864
2025-01-25;shiba;1.9911887954216567e-05;296430329.0882777;11723508538.55043
2025-01-26;shiba;1.99756547601229e-05;179459943.51769036;11775649457.335835
2025-01-27;shiba;1.907583837811119e-05;181979036.35063133;11240658650.993763
2025-01-28;shiba;1.8937559569613283e-05;560361026.0386686;11149921481.489803
2025-01-29;shiba;1.7968049667482056e-05;292831835.4013573;10588742427.07775
2025-01-30;shiba;1.8301175608699826e-05;300925722.5472597;10790344102.314222
2025-01-31;shiba;1.868444404782593e-05;243083937.86118034;11021205783.05829
2025-02-01;shiba;1.8874176613459652e-05;332181418.91979724;11119377330.857903
2025-02-02;shiba;1.768461049418517e-05;272991392.43676144;10427595683.500332
2025-02-03;shiba;1.5461478424456613e-05;685770679.1199425;9100813102.058964
2025-02-04;shiba;1.6758652321727645e-05;1559046671.7814248;9879050979.435041
2025-02-05;shiba;1.5795483129033613e-05;593940678.561576;9306849610.961134
2025-02-06;shiba;1.5768798822590807e-05;369788294.2510844;9291787371.041992
2025-02-07;shiba;1.484594708761407e-05;336198247.7150499;8729448674.720188
2025-02-08;shiba;1.5094685840596346e-05;331529437.1170631;8894264464.554228
2025-02-09;shiba;1.596017626980966e-05;249354967.01999313;9408303390.566902
2025-02-10;shiba;1.5698371787074686e-05;230836294.67303368;9250327195.758097
2025-02-11;shiba;1.5793461323522236e-05;203478238.24261793;9308220984.516956
2025-02-12;shiba;1.5700233749412447e-05;269520290.51919454;9256115413.217066
2025-02-13;shiba;1.7009109329531596e-05;441016725.8899914;10018081875.592255
2025-02-14;shiba;1.6306311871297802e-05;276306059.1679844;9609450455.572918
2025-02-15;shiba;1.67319408149635e-05;291730775.66833925;9858716295.53482
2025-02-16;shiba;1.6326046103467224e-05;180462049.10647082;9622080941.43277
2025-02-17;shiba;1.596285016010297e-05;147102631.21649447;9406171017.71509
2025-02-18;shiba;1.5733564465184877e-05;221991375.2865308;9268531614.741034
2025-02-19;shiba;1.52157279950267e-05;217203789.90543178;8958276981.733698
2025-02-20;shiba;1.539324097033591e-05;160824740.1830075;9069100036.357456
2025-02-21;shiba;1.55682197532666e-05;153177105.017363;9174784183.571238
2025-02-22;shiba;1.508598865386535e-05;231719946.82279426;8892709252.663677
2025-02-23;shiba;1.5620460732317345e-05;135385564.10074487;9209273617.28895
2025-02-24;shiba;1.547576272647116e-05;116844458.54357614;9119150598.876225
2025-02-25;shiba;1.3618030815978713e-05;358729592.1603741;8026174430.7128525
2025-02-26;shiba;1.4089719762457831e-05;457438179.77279913;8304040098.599179
2025-02-27;shiba;1.4370458550186235e-05;258676880.34202722;8459308238.77952
2025-02-28;shiba;1.4430994615339297e-05;197623342.08205026;8504562873.65687
2025-03-01;shiba;1.3943722124082336e-05;361544391.2150996;8215894861.911585
2025-03-02;shiba;1.3640458975857407e-05;147086458.86024448;8031265981.597568
2025-03-03;shiba;1.5132756888953644e-05;361818124.9541392;8910104125.22346
2025-03-04;shiba;1.2907393628072152e-05;385067576.4570483;7623213128.753894
2025-03-05;shiba;1.3083873433257073e-05;429942623.71271515;7707098488.976705
2025-03-06;shiba;1.3381158617652502e-05;183366724.903404;7884887940.720893
2025-03-07;shiba;1.3422366670975495e-05;196589011.55489463;7906961171.922834
2025-03-08;shiba;1.3131245997973966e-05;322284453.19018173;7737220267.658316
2025-03-09;shiba;1.2653599706487787e-05;164410722.31920853;7458430136.968703
2025-03-10;shiba;1.165679097262232e-05;239725246.72035897;6870244888.990196
2025-03-11;shiba;1.153067141105278e-05;389489289.30847025;6817890442.533274
2025-03-12;shiba;1.2038148674217478e-05;360996707.29389054;7103271325.267327
2025-03-13;shiba;1.2333986592517118e-05;243346136.12861112;7262607879.263007
2025-03-14;shiba;1.2011532680643099e-05;173076150.69418648;7078205685.409222
2025-03-15;shiba;1.2808661594578358e-05;189178287.78197882;7543708324.402336
2025-03-16;shiba;1.2831691418540111e-05;109149931.77287394;7561112477.925443
2025-03-17;shiba;1.3132370821439797e-05;294387270.64380157;7737628421.525961
2025-03-18;shiba;1.2965744115930261e-05;207058088.88657385;7638854031.660739
2025-03-19;shiba;1.2546060675609051e-05;138413918.74110904;7393346004.355788
2025-03-20;shiba;1.2961183289692163e-05;186689530.86882612;7635968285.389779
2025-03-21;shiba;1.2954482920674014e-05;156803296.86718497;7641363428.850308
2025-03-22;shiba;1.2519691846575462e-05;135086593.28929403;7380932519.192244
2025-03-23;shiba;1.2787074687355521e-05;102676916.10019438;7535190175.060344
2025-03-24;shiba;1.2922105813633066e-05;118626366.0307166;7621559662.752716
2025-03-25;shiba;1.348800162100368e-05;204843458.34550005;7941464804.430823
2025-03-26;shiba;1.3880329274646209e-05;212843676.29485202;8178922222.026278
2025-03-27;shiba;1.4221391033508157e-05;595788829.4330822;8379328507.994286
2025-03-28;shiba;1.4044517268829418e-05;274923165.6175952;8274200724.319788
2025-03-29;shiba;1.32462140755763e-05;232403141.38119936;7804300072.40321
2025-03-30;shiba;1.270291625466776e-05;187010638.29086614;7460421031.164625
2025-03-31;shiba;1.243602342493055e-05;163154108.9482225;7327635713.90884
2025-04-01;shiba;1.2390635057577875e-05;197945432.99634594;7301191694.658672
2025-04-02;shiba;1.2691439778989097e-05;178458640.69970518;7474785925.810972
2025-04-03;shiba;1.2077907889822484e-05;327321676.93059313;7116474405.39218
2025-04-04;shiba;1.2210812486559267e-05;211398257.53746435;7194838603.344431
2025-04-05;shiba;1.2298070463239545e-05;252483289.11692482;7247545859.682792
2025-04-06;shiba;1.2350187150446806e-05;101785791.44735204;7271477054.347656
2025-04-07;shiba;1.1278792221279534e-05;222291704.5461086;6641664165.18957
2025-04-08;shiba;1.1424414472972747e-05;485526798.33798546;6750812664.027207
2025-04-09;shiba;1.0642205473282942e-05;241854891.1366028;6270951569.272801
2025-04-10;shiba;1.1932797042260414e-05;351257027.2950817;7032686364.250857
2025-04-11;shiba;1.1652414027968119e-05;204690091.16711974;6870768653.776354
2025-04-12;shiba;1.2212373307554956e-05;166207884.24034432;7195475354.223224
2025-04-13;shiba;1.2535122203826666e-05;136154884.68690166;7386327520.507002
2025-04-14;shiba;1.2031922064858476e-05;146100122.7256391;7079095213.931439
2025-04-15;shiba;1.1995910489242668e-05;162500117.97522706;7067543164.648463
2025-04-16;shiba;1.167358433250535e-05;125260622.75036421;6879221088.302764
2025-04-17;shiba;1.1843907082150025e-05;137841629.095688;6979610387.629036
2025-04-18;shiba;1.1793116043980854e-05;108793859.6848351;6950401395.449365
2025-04-19;shiba;1.2283347585492173e-05;110174565.00081736;7238745329.04086
2025-04-20;shiba;1.2351618027344314e-05;87363882.72064298;7277778955.338622
2025-04-21;shiba;1.2349940485017293e-05;104379081.72448581;7277802298.714765
2025-04-22;shiba;1.2327016933602889e-05;147076520.18341267;7255091635.557946
2025-04-23;shiba;1.3565788200503553e-05;265039499.56259456;7973343453.867689
2025-04-24;shiba;1.3539086623202537e-05;277852690.8580774;7973385422.610107
2025-04-25;shiba;1.3767782837029544e-05;193997273.9846685;8112589889.428356
2025-04-26;shiba;1.4147439377183754e-05;265165073.77122596;8336240474.349652
2025-04-27;shiba;1.4162006561556682e-05;289269932.04692894;8341963766.509532
2025-04-28;shiba;1.3458722817977219e-05;176854064.0319048;7931494633.205044
2025-04-29;shiba;1.371757975538185e-05;237622669.02645645;8079725718.18952
2025-04-30;shiba;1.3405970590066774e-05;194093792.12246117;7899830947.874831
2025-05-01;shiba;1.3242587223942173e-05;151439607.02452156;7803038181.239504
2025-05-02;shiba;1.3499111817585899e-05;171509809.8030635;7950665556.688688
2025-05-03;shiba;1.3437733820696843e-05;124524309.56095771;7918473134.388477
2025-05-04;shiba;1.2993896928298788e-05;97986523.89310227;7657372984.054508
2025-05-05;shiba;1.2666592220479872e-05;114414582.20821488;7451956448.685592
2025-05-06;shiba;1.2701203519522913e-05;128968453.52700382;7483956237.058946
2025-05-07;shiba;1.2746692025851018e-05;128963327.7717429;7508937589.577711
2025-05-08;shiba;1.2804060472298206e-05;117835324.49792936;7544769088.490601
2025-05-09;shiba;1.432384082212922e-05;360365068.3514547;8440423335.6236925
2025-05-10;shiba;1.5015653799937135e-05;642429894.1653215;8844980814.85537
2025-05-11;shiba;1.6912948403257238e-05;609030761.1142924;9964431415.020443
2025-05-12;shiba;1.58887123947942e-05;549905439.7682536;9366637841.057375
2025-05-13;shiba;1.575692016678931e-05;869048744.8149941;9297761335.092236
2025-05-14;shiba;1.6334757005263924e-05;522194792.9203589;9611902045.881002
2025-05-15;shiba;1.5719565434451668e-05;408044905.3052289;9257864456.740898
2025-05-16;shiba;1.4804048741541466e-05;393434082.10204184;8722374381.731958
2025-05-17;shiba;1.4591211104915749e-05;211962725.3564236;8605594099.732187
2025-05-18;shiba;1.4184036506047586e-05;198779255.82450783;8359774595.183795
2025-05-19;shiba;1.4891588364704388e-05;290802041.40510726;8763168465.429623
2025-05-20;shiba;1.4578954112193156e-05;244436335.25083038;8583957222.60397
2025-05-21;shiba;1.460666588392837e-05;196097570.0367014;8606400945.77855
2025-05-22;shiba;1.4921642552596486e-05;352710381.42103165;8794439810.393965
2025-05-23;shiba;1.5452402455570887e-05;391340589.6547734;9098771030.65807
2025-05-24;shiba;1.4318643139659277e-05;506611107.63575566;8435589306.555233
2025-05-25;shiba;1.4371604465764638e-05;163386167.43646452;8469578074.880015
2025-05-26;shiba;1.4474806151513205e-05;214425402.3012805;8528811903.903415
2025-05-27;shiba;1.4395399345381476e-05;166101844.8380802;8480930201.426885
2025-05-28;shiba;1.4448346546739968e-05;217705078.98242655;8511888892.019682
2025-05-29;shiba;1.4335878954946713e-05;171109108.70740896;8447412254.616161
2025-05-30;shiba;1.3969376950870743e-05;230995722.05818063;8231514839.757541
2025-05-31;shiba;1.277673326451012e-05;339230069.0646477;7527284382.591593
2025-06-01;shiba;1.2826423238202146e-05;216901857.03243223;7558869971.21448
2025-06-02;shiba;1.2959173017306478e-05;127247169.5605516;7639055559.734342
2025-06-03;shiba;1.3214736286389558e-05;152074641.07778007;7787491703.576708
2025-06-04;shiba;1.3048418189094506e-05;127607129.22591382;7688571768.456855
2025-06-05;shiba;1.2815345261417912e-05;131772121.19136922;7549480950.073199
2025-06-05;shiba;1.2815345261417912e-05;131772121.19136922;7514898502.619175
2025-06-05;shiba;1.2815345261417912e-05;142664997.66976938;7549480950.073199
2025-06-05;shiba;1.2815345261417912e-05;142664997.66976938;7514898502.619175
2025-06-05;shiba;1.2764074218264152e-05;131772121.19136922;7549480950.073199
2025-06-05;shiba;1.2764074218264152e-05;131772121.19136922;7514898502.619175
2025-06-05;shiba;1.2764074218264152e-05;142664997.66976938;7549480950.073199
2025-06-05;shiba;1.2764074218264152e-05;142664997.66976938;7514898502.619175
